PLAYER_ID,PLAYER_NAME,Match_Date,Part_Playing_11,Actual_Run_Scored,Actual_Wickets_Taken
1,Pat Cummins,08-Oct-23,YES,15,0
2,Steve Smith,08-Oct-23,YES,46,Did_Not_Bowl
3,Alex Carey,08-Oct-23,YES,0,Did_Not_Bowl
4,Josh Inglis,08-Oct-23,NO,Not_Applicable,Not_Applicable
5,Sean Abbott,08-Oct-23,NO,Not_Applicable,Not_Applicable
6,Marnus Labuschagne,08-Oct-23,YES,27,Did_Not_Bowl
7,Cameron Green,08-Oct-23,YES,8,0
8,Josh Hazlewood,08-Oct-23,YES,1,3
9,Travis Head,08-Oct-23,NO,Not_Applicable,Not_Applicable
10,Mitch Marsh,08-Oct-23,YES,0,Did_Not_Bowl
11,Glenn Maxwell,08-Oct-23,YES,15,0
12,Marcus Stoinis,08-Oct-23,NO,Not_Applicable,Not_Applicable
13,David Warner,08-Oct-23,YES,41,Did_Not_Bowl
14,Adam Zampa,08-Oct-23,YES,6,0
15,Mitchell Starc,08-Oct-23,YES,28,1
16,Rohit Sharma,08-Oct-23,YES,0,Did_Not_Bowl
17,Hardik Pandya,08-Oct-23,YES,11,1
18,Shubman Gill,08-Oct-23,NO,Not_Applicable,Not_Applicable
19,Virat Kohli,08-Oct-23,YES,85,Did_Not_Bowl
20,Shreyas Iyer,08-Oct-23,YES,0,Did_Not_Bowl
21,KL Rahul,08-Oct-23,YES,97,Did_Not_Bowl
22,Ravindra Jadeja,08-Oct-23,YES,Did_Not_Bat,3
23,Shardul Thakur,08-Oct-23,NO,Not_Applicable,Not_Applicable
24,Jasprit Bumrah,08-Oct-23,YES,Did_Not_Bat,2
25,Mohammed Siraj,08-Oct-23,YES,Did_Not_Bat,1
26,Kuldeep Yadav,08-Oct-23,YES,Did_Not_Bat,2
27,Mohammed Shami,08-Oct-23,NO,Not_Applicable,Not_Applicable
28,Ravichandran Ashwin,08-Oct-23,YES,Did_Not_Bat,1
29,Ishan Kishan,08-Oct-23,YES,0,Did_Not_Bowl
30,Suryakumar Yadav,08-Oct-23,NO,Not_Applicable,Not_Applicable
