PLAYER_ID,PLAYER_NAME_Career_Data,ODI_Bat_NotOut,ODI_Highest_Bat_Inning_Score,ODI_Bat_Avg,ODI_Bat_SR,ODI_Hundred_Scored,ODI_Fifty_Scored,ODI_Boundary_Four,OBI_Boundary_Six,ODI_Bowl_Avg,ODI_Economy_Rate,ODI_Bowl_SR,ODI_4Wt_in_Inn,ODI_5Wt_in_Inn,ODI_Inn_Bat_Field,Data_AS_on,Source
1,Pat Cummins,17,36,11.37,77.61,0,0,26,6,27.99,5.23,32.1,6,1,49,29-Sep-23,www.espncricinfo.com
2,Steve Smith,15,164,44.33,87.66,12,30,446,49,34.67,5.41,38.4,0,0,129,29-Sep-23,www.espncricinfo.com
3,Alex Carey,11,106,33.59,88.48,1,8,167,18,0,0,0,0,0,65,29-Sep-23,www.espncricinfo.com
4,Josh Inglis,0,50,17.87,93.46,0,1,14,4,0,0,0,0,0,8,29-Sep-23,www.espncricinfo.com
5,Sean Abbott,1,54,17.53,107.54,0,1,25,7,36.85,5.6,39.4,0,0,14,29-Sep-23,www.espncricinfo.com
6,Marnus Labuschagne,2,124,37.29,87.5,2,8,102,4,115,6.79,101.5,0,0,36,29-Sep-23,www.espncricinfo.com
7,Cameron Green,7,89,37.9,84.78,0,1,30,9,40.31,5.72,42.2,0,1,17,29-Sep-23,www.espncricinfo.com
8,Josh Hazlewood,21,23,23.4,91.4,0,0,13,3,26.41,4.7,33.6,1,3,26,29-Sep-23,www.espncricinfo.com
9,Travis Head,5,152,41.28,99.51,3,15,227,40,56.12,5.81,57.9,0,0,55,29-Sep-23,www.espncricinfo.com
10,Mitch Marsh,10,102,34.32,94.21,1,17,202,68,35.42,5.43,39,1,1,75,29-Sep-23,www.espncricinfo.com
11,Glenn Maxwell,14,108,33.6,124.68,2,23,333,128,47.71,5.53,51.6,4,0,118,29-Sep-23,www.espncricinfo.com
12,Marcus Stoinis,7,146,27.45,94.02,1,6,125,45,43.54,5.92,44,0,0,58,29-Sep-23,www.espncricinfo.com
13,David Warner,6,179,45.04,96.44,20,31,683,106,0,8,0,0,0,148,29-Sep-23,www.espncricinfo.com
14,Adam Zampa,14,36,8.77,63.36,0,0,21,1,29.05,5.53,31.5,8,1,41,29-Sep-23,www.espncricinfo.com
15,Mitchell Starc,24,52,12.41,85.21,0,1,35,13,22.23,5.13,25.9,12,9,63,29-Sep-23,www.espncricinfo.com
16,Rohit Sharma,36,264,48.85,90.52,30,52,928,292,64.37,5.21,74.1,0,0,243,29-Sep-23,www.espncricinfo.com
17,Hardik Pandya,8,92,33.8,110.21,0,11,132,66,36.03,5.51,39.2,1,0,60,29-Sep-23,www.espncricinfo.com
18,Shubman Gill,6,208,66.1,102.84,6,9,213,40,0,0,0,0,0,35,29-Sep-23,www.espncricinfo.com
19,Virat Kohli,41,183,57.38,93.78,47,66,1226,142,166.25,6.22,160.2,0,0,269,29-Sep-23,www.espncricinfo.com
20,Shreyas Iyer,3,113,46.17,97.88,3,14,176,37,0,6.32,0,0,0,42,29-Sep-23,www.espncricinfo.com
21,KL Rahul,10,112,47.72,87.64,6,15,177,52,0,0,0,0,0,58,29-Sep-23,www.espncricinfo.com
22,Ravindra Jadeja,45,87,32.14,84.43,0,13,192,51,36.95,4.92,45,7,1,127,29-Sep-23,www.espncricinfo.com
23,Shardul Thakur,6,50,17.31,105.11,0,1,31,9,30.34,6.24,29.1,3,0,25,29-Sep-23,www.espncricinfo.com
24,Jasprit Bumrah,13,16,7.3,56.15,0,0,9,1,24.31,4.67,31.2,5,2,23,29-Sep-23,www.espncricinfo.com
25,Mohammed Siraj,7,9,6.16,40.21,0,0,2,0,20.01,4.87,24.6,2,1,13,29-Sep-23,www.espncricinfo.com
26,Kuldeep Yadav,17,19,10,56.29,0,0,13,0,25.62,5.13,29.9,7,2,34,29-Sep-23,www.espncricinfo.com
27,Mohammed Shami,19,25,8.4,85.17,0,0,16,9,25.5,5.57,27.4,9,2,44,29-Sep-23,www.espncricinfo.com
28,Ravichandran Ashwin,20,65,16.44,86.96,0,1,60,7,33.2,4.94,40.2,1,0,63,29-Sep-23,www.espncricinfo.com
29,Ishan Kishan,2,210,44.3,102.42,1,7,90,31,0,0,0,0,0,22,29-Sep-23,www.espncricinfo.com
30,Suryakumar Yadav,4,72,27.79,105.7,0,4,68,18,0,0,0,0,0,28,29-Sep-23,www.espncricinfo.com
