player_id,PLAYER_NAME,RUN_SCORED,WICKETS
1,Pat Cummins,6.0,1.0
2,Steve Smith,36.0,0.0
3,Alex Carey,20.0,0.0
4,Josh Inglis,0.0,0.0
5,Sean Abbott,0.0,0.0
6,Marnus Labuschagne,18.0,0.0
7,Cameron Green,13.0,1.0
8,Josh Hazlewood,1.0,2.0
9,Travis Head,0.0,0.0
10,Mitch Marsh,22.0,1.0
11,Glenn Maxwell,28.0,0.0
12,Marcus Stoinis,0.0,0.0
13,David Warner,59.0,0.0
14,Adam Zampa,2.0,2.0
15,Mitchell Starc,8.0,2.0
16,Rohit Sharma,56.0,0.0
17,Hardik Pandya,24.0,1.0
18,Shubman Gill,0.0,0.0
19,Virat Kohli,64.0,0.0
20,Shreyas Iyer,30.0,0.0
21,KL Rahul,58.0,0.0
22,Ravindra Jadeja,10.0,1.0
23,Shardul Thakur,0.0,0.0
24,Jasprit Bumrah,0.0,2.0
25,Mohammed Siraj,0.0,1.0
26,Kuldeep Yadav,4.0,1.0
27,Mohammed Shami,0.0,0.0
28,Ravichandran Ashwin,4.0,2.0
29,Ishan Kishan,22.0,0.0
30,Suryakumar Yadav,0.0,0.0
